SSID,c2,c3,c4,c5,c6,c7,c8,c9,c10,c11,c12,c13,c14,c15,c16,c17,c18,c19,c20,c21,c22,c23,c24,c25,c26,c27,c28,c29,c30,c31,c32,c3320392040,Rain,WindSpeed,JPID_length,SchoolHoliday,HF_7,HF_8,HF_9,HF_10,HF_11,HF_12,HF_13,HF_14,HF_15,HF_16,HF_17,HF_18,HF_19,HF_20,HF_21,HF_22,HF_23,Day_Monday,Day_Saturday,Day_Sunday,Day_Thursday,Day_Tuesday,Day_Wednesday
20392040,0.0333251953125,14.0,63,0.0,0.0,0.0,0.0,0.0,0.0,0.0,0.0,0.0,0.0,0.0,0.0,0.0,0.0,0.0,0.0,0.0,0.0,0.0,0.0,0.0,0.0,0.0,0.0
20402041,Rain,WindSpeed,JPID_length,SchoolHoliday,HF_6,HF_7,HF_8,HF_9,HF_10,HF_11,HF_12,HF_13,HF_14,HF_15,HF_16,HF_17,HF_18,HF_19,HF_20,HF_21,HF_22,HF_23,Day_Monday,Day_Saturday,Day_Sunday,Day_Thursday,Day_Tuesday,Day_Wednesday
20402041,0.0,10.5,63,0.0,0.0,0.0,0.0,0.0,0.0,0.0,0.0,0.0,0.0,0.0,0.0,0.0,0.0,0.0,0.0,0.0,0.0,0.0,0.0,0.0,0.0,0.0,0.0,0.0
20412042,Rain,WindSpeed,JPID_length,SchoolHoliday,HF_7,HF_8,HF_9,HF_10,HF_11,HF_12,HF_13,HF_14,HF_15,HF_16,HF_17,HF_18,HF_19,HF_20,HF_21,HF_22,HF_23,Day_Monday,Day_Saturday,Day_Sunday,Day_Thursday,Day_Tuesday,Day_Wednesday
20412042,0.0,10.5,67,0.0,0.0,0.0,0.0,0.0,0.0,0.0,0.0,0.0,0.0,0.0,0.0,0.0,0.0,0.0,0.0,0.0,0.0,0.0,0.0,0.0,0.0,0.0,0.0
20422043,Rain,WindSpeed,JPID_length,SchoolHoliday,HF_7,HF_8,HF_9,HF_10,HF_11,HF_12,HF_13,HF_14,HF_15,HF_16,HF_17,HF_18,HF_19,HF_20,HF_21,HF_22,HF_23,Day_Monday,Day_Saturday,Day_Sunday,Day_Thursday,Day_Tuesday,Day_Wednesday
20422043,0.0,7.5,85,0.0,0.0,0.0,0.0,0.0,0.0,0.0,0.0,0.0,0.0,0.0,0.0,0.0,0.0,0.0,0.0,0.0,0.0,0.0,0.0,0.0,0.0,0.0,0.0
20432044,Rain,WindSpeed,JPID_length,SchoolHoliday,HF_6,HF_7,HF_8,HF_9,HF_10,HF_11,HF_12,HF_13,HF_14,HF_15,HF_16,HF_17,HF_18,HF_19,HF_20,HF_21,HF_22,HF_23,Day_Monday,Day_Saturday,Day_Sunday,Day_Thursday,Day_Tuesday,Day_Wednesday
20432044,0.0,7.5,43,0.0,0.0,0.0,0.0,0.0,0.0,0.0,0.0,0.0,0.0,0.0,0.0,0.0,0.0,0.0,0.0,0.0,0.0,0.0,0.0,0.0,0.0,0.0,0.0,0.0
20442045,Rain,WindSpeed,JPID_length,SchoolHoliday,HF_6,HF_7,HF_8,HF_9,HF_10,HF_11,HF_12,HF_13,HF_14,HF_15,HF_16,HF_17,HF_18,HF_19,HF_20,HF_21,HF_22,HF_23,Day_Monday,Day_Saturday,Day_Sunday,Day_Thursday,Day_Tuesday,Day_Wednesday
20442045,0.0,6.0,63,0.0,0.0,0.0,0.0,0.0,0.0,0.0,0.0,0.0,0.0,0.0,0.0,0.0,0.0,0.0,0.0,0.0,0.0,0.0,0.0,0.0,0.0,0.0,0.0,0.0
20452046,Rain,WindSpeed,JPID_length,SchoolHoliday,HF_6,HF_7,HF_8,HF_9,HF_10,HF_11,HF_12,HF_13,HF_14,HF_15,HF_16,HF_17,HF_18,HF_19,HF_20,HF_21,HF_22,HF_23,Day_Monday,Day_Saturday,Day_Sunday,Day_Thursday,Day_Tuesday,Day_Wednesday
20452046,0.03333333333333333,16.0,43,0.0,0.0,0.0,0.0,0.0,0.0,0.0,0.0,0.0,0.0,0.0,0.0,0.0,0.0,0.0,0.0,0.0,0.0,0.0,0.0,0.0,0.0,0.0,0.0,0.0
20464568,Rain,WindSpeed,JPID_length,SchoolHoliday,HF_7,HF_8,HF_9,HF_10,HF_11,HF_12,HF_13,HF_14,HF_15,HF_16,HF_17,HF_18,HF_19,HF_20,HF_21,HF_22,HF_23,Day_Monday,Day_Saturday,Day_Sunday,Day_Thursday,Day_Tuesday,Day_Wednesday
20464568,0.0,11.5,85,0.0,0.0,0.0,0.0,0.0,0.0,0.0,0.0,0.0,0.0,0.0,0.0,0.0,0.0,0.0,0.0,0.0,0.0,0.0,0.0,0.0,0.0,0.0,0.0
45684569,Rain,WindSpeed,JPID_length,SchoolHoliday,HF_7,HF_8,HF_9,HF_10,HF_11,HF_12,HF_13,HF_14,HF_15,HF_16,HF_17,HF_18,HF_19,HF_20,HF_21,HF_22,HF_23,Day_Monday,Day_Saturday,Day_Sunday,Day_Thursday,Day_Tuesday,Day_Wednesday
45684569,0.0999755859375,9.0,63,0.0,0.0,0.0,0.0,0.0,0.0,0.0,0.0,0.0,0.0,0.0,0.0,0.0,0.0,0.0,0.0,0.0,0.0,0.0,0.0,0.0,0.0,0.0,0.0
45694570,Rain,WindSpeed,JPID_length,SchoolHoliday,HF_7,HF_8,HF_9,HF_10,HF_11,HF_12,HF_13,HF_14,HF_15,HF_16,HF_17,HF_18,HF_19,HF_20,HF_21,HF_22,HF_23,Day_Monday,Day_Saturday,Day_Sunday,Day_Thursday,Day_Tuesday,Day_Wednesday
45694570,0.0,2.0,85,0.0,0.0,0.0,0.0,0.0,0.0,0.0,0.0,0.0,0.0,0.0,0.0,0.0,0.0,0.0,0.0,0.0,0.0,0.0,0.0,0.0,0.0,0.0,0.0
45702056,Rain,WindSpeed,JPID_length,SchoolHoliday,HF_7,HF_8,HF_9,HF_10,HF_11,HF_12,HF_13,HF_14,HF_15,HF_16,HF_17,HF_18,HF_19,HF_20,HF_21,HF_22,HF_23,Day_Monday,Day_Saturday,Day_Sunday,Day_Thursday,Day_Tuesday,Day_Wednesday
45702056,0.0,12.0,85,0.0,0.0,0.0,0.0,0.0,0.0,0.0,0.0,0.0,0.0,0.0,0.0,0.0,0.0,0.0,0.0,0.0,0.0,0.0,0.0,0.0,0.0,0.0,0.0
20562057,Rain,WindSpeed,JPID_length,SchoolHoliday,HF_7,HF_8,HF_9,HF_10,HF_11,HF_12,HF_13,HF_14,HF_15,HF_16,HF_17,HF_18,HF_19,HF_20,HF_21,HF_22,HF_23,Day_Monday,Day_Saturday,Day_Sunday,Day_Thursday,Day_Tuesday,Day_Wednesday
20562057,0.0,7.5,63,0.0,0.0,0.0,0.0,0.0,0.0,0.0,0.0,0.0,0.0,0.0,0.0,0.0,0.0,0.0,0.0,0.0,0.0,0.0,0.0,0.0,0.0,0.0,0.0
20572058,Rain,WindSpeed,JPID_length,SchoolHoliday,HF_7,HF_8,HF_9,HF_10,HF_11,HF_12,HF_13,HF_14,HF_15,HF_16,HF_17,HF_18,HF_19,HF_20,HF_21,HF_22,HF_23,Day_Monday,Day_Saturday,Day_Sunday,Day_Thursday,Day_Tuesday,Day_Wednesday
20572058,0.0,6.5,63,0.0,0.0,0.0,0.0,0.0,0.0,0.0,0.0,0.0,0.0,0.0,0.0,0.0,0.0,0.0,0.0,0.0,0.0,0.0,0.0,0.0,0.0,0.0,0.0
20582059,Rain,WindSpeed,JPID_length,SchoolHoliday,HF_7,HF_8,HF_9,HF_10,HF_11,HF_12,HF_13,HF_14,HF_15,HF_16,HF_17,HF_18,HF_19,HF_20,HF_21,HF_22,HF_23,Day_Monday,Day_Saturday,Day_Sunday,Day_Thursday,Day_Tuesday,Day_Wednesday
20582059,0.63330078125,4.0,63,0.0,0.0,0.0,0.0,0.0,0.0,0.0,0.0,0.0,0.0,0.0,0.0,0.0,0.0,0.0,0.0,0.0,0.0,0.0,0.0,0.0,0.0,0.0,0.0
20592060,Rain,WindSpeed,JPID_length,SchoolHoliday,HF_7,HF_8,HF_9,HF_10,HF_11,HF_12,HF_13,HF_14,HF_15,HF_16,HF_17,HF_18,HF_19,HF_20,HF_21,HF_22,HF_23,Day_Monday,Day_Saturday,Day_Sunday,Day_Thursday,Day_Tuesday,Day_Wednesday
20592060,0.0,3.0,63,0.0,0.0,0.0,0.0,0.0,0.0,0.0,0.0,0.0,0.0,0.0,0.0,0.0,0.0,0.0,0.0,0.0,0.0,0.0,0.0,0.0,0.0,0.0,0.0
20602061,Rain,WindSpeed,JPID_length,SchoolHoliday,HF_7,HF_8,HF_9,HF_10,HF_11,HF_12,HF_13,HF_14,HF_15,HF_16,HF_17,HF_18,HF_19,HF_20,HF_21,HF_22,HF_23,Day_Monday,Day_Saturday,Day_Sunday,Day_Thursday,Day_Tuesday,Day_Wednesday
20602061,0.60009765625,21.5,71,0.0,0.0,0.0,0.0,0.0,0.0,0.0,0.0,0.0,0.0,0.0,0.0,0.0,0.0,0.0,0.0,0.0,0.0,0.0,0.0,0.0,0.0,0.0,0.0
20612062,Rain,WindSpeed,JPID_length,SchoolHoliday,HF_7,HF_8,HF_9,HF_10,HF_11,HF_12,HF_13,HF_14,HF_15,HF_16,HF_17,HF_18,HF_19,HF_20,HF_21,HF_22,HF_23,Day_Monday,Day_Saturday,Day_Sunday,Day_Thursday,Day_Tuesday,Day_Wednesday
20612062,0.0,6.5,71,0.0,0.0,0.0,0.0,0.0,0.0,0.0,0.0,0.0,0.0,0.0,0.0,0.0,0.0,0.0,0.0,0.0,0.0,0.0,0.0,0.0,0.0,0.0,0.0
20622063,Rain,WindSpeed,JPID_length,SchoolHoliday,HF_7,HF_8,HF_9,HF_10,HF_11,HF_12,HF_13,HF_14,HF_15,HF_16,HF_17,HF_18,HF_19,HF_20,HF_21,HF_22,HF_23,Day_Monday,Day_Saturday,Day_Sunday,Day_Thursday,Day_Tuesday,Day_Wednesday
20622063,0.0,10.5,63,0.0,0.0,0.0,0.0,0.0,0.0,0.0,0.0,0.0,0.0,0.0,0.0,0.0,0.0,0.0,0.0,0.0,0.0,0.0,0.0,0.0,0.0,0.0,0.0
20632064,Rain,WindSpeed,JPID_length,SchoolHoliday,HF_7,HF_8,HF_9,HF_10,HF_11,HF_12,HF_13,HF_14,HF_15,HF_16,HF_17,HF_18,HF_19,HF_20,HF_21,HF_22,HF_23,Day_Monday,Day_Saturday,Day_Sunday,Day_Thursday,Day_Tuesday,Day_Wednesday
20632064,0.0,4.0,71,0.0,0.0,0.0,0.0,0.0,0.0,0.0,0.0,0.0,0.0,0.0,0.0,0.0,0.0,0.0,0.0,0.0,0.0,0.0,0.0,0.0,0.0,0.0,0.0
20642065,Rain,WindSpeed,JPID_length,SchoolHoliday,HF_6,HF_7,HF_8,HF_9,HF_10,HF_11,HF_12,HF_13,HF_14,HF_15,HF_16,HF_17,HF_18,HF_19,HF_20,HF_21,HF_22,HF_23,Day_Monday,Day_Saturday,Day_Sunday,Day_Thursday,Day_Tuesday,Day_Wednesday
20642065,0.0,16.0,63,0.0,0.0,0.0,0.0,0.0,0.0,0.0,0.0,0.0,0.0,0.0,0.0,0.0,0.0,0.0,0.0,0.0,0.0,0.0,0.0,0.0,0.0,0.0,0.0,0.0
20654727,Rain,WindSpeed,JPID_length,SchoolHoliday,HF_6,HF_7,HF_8,HF_9,HF_10,HF_11,HF_12,HF_13,HF_14,HF_15,HF_16,HF_17,HF_18,HF_19,HF_20,HF_21,HF_22,HF_23,Day_Monday,Day_Saturday,Day_Sunday,Day_Thursday,Day_Tuesday,Day_Wednesday
20654727,0.0,1.0,63,0.0,0.0,0.0,0.0,0.0,0.0,0.0,0.0,0.0,0.0,0.0,0.0,0.0,0.0,0.0,0.0,0.0,0.0,0.0,0.0,0.0,0.0,0.0,0.0,0.0
47274728,Rain,WindSpeed,JPID_length,SchoolHoliday,HF_7,HF_8,HF_9,HF_10,HF_11,HF_12,HF_13,HF_14,HF_15,HF_16,HF_17,HF_18,HF_19,HF_20,HF_21,HF_22,HF_23,Day_Monday,Day_Saturday,Day_Sunday,Day_Thursday,Day_Tuesday,Day_Wednesday
47274728,0.0,2.0,47,0.0,0.0,0.0,0.0,0.0,0.0,0.0,0.0,0.0,0.0,0.0,0.0,0.0,0.0,0.0,0.0,0.0,0.0,0.0,0.0,0.0,0.0,0.0,0.0
47280461,Rain,WindSpeed,JPID_length,SchoolHoliday,HF_7,HF_8,HF_9,HF_10,HF_11,HF_12,HF_13,HF_14,HF_15,HF_16,HF_17,HF_18,HF_19,HF_20,HF_21,HF_22,HF_23,Day_Monday,Day_Saturday,Day_Sunday,Day_Thursday,Day_Tuesday,Day_Wednesday
47280461,0.0,2.0,71,0.0,0.0,0.0,0.0,0.0,0.0,0.0,0.0,0.0,0.0,0.0,0.0,0.0,0.0,0.0,0.0,0.0,0.0,0.0,0.0,0.0,0.0,0.0,0.0
04612068,Rain,WindSpeed,JPID_length,SchoolHoliday,HF_7,HF_8,HF_9,HF_10,HF_11,HF_12,HF_13,HF_14,HF_15,HF_16,HF_17,HF_18,HF_19,HF_20,HF_21,HF_22,HF_23,Day_Monday,Day_Saturday,Day_Sunday,Day_Thursday,Day_Tuesday,Day_Wednesday
04612068,0.199951171875,4.5,71,0.0,0.0,0.0,0.0,0.0,0.0,0.0,0.0,0.0,0.0,0.0,0.0,0.0,0.0,0.0,0.0,0.0,0.0,0.0,0.0,0.0,0.0,0.0,0.0
20682069,Rain,WindSpeed,JPID_length,SchoolHoliday,HF_6,HF_7,HF_8,HF_9,HF_10,HF_11,HF_12,HF_13,HF_14,HF_15,HF_16,HF_17,HF_18,HF_19,HF_20,HF_21,HF_22,HF_23,Day_Monday,Day_Saturday,Day_Sunday,Day_Thursday,Day_Tuesday,Day_Wednesday
20682069,0.0,2.0,63,0.0,0.0,0.0,0.0,0.0,0.0,0.0,0.0,0.0,0.0,0.0,0.0,0.0,0.0,0.0,0.0,0.0,0.0,0.0,0.0,0.0,0.0,0.0,0.0,0.0
20692070,Rain,WindSpeed,JPID_length,SchoolHoliday,HF_6,HF_7,HF_8,HF_9,HF_10,HF_11,HF_12,HF_13,HF_14,HF_15,HF_16,HF_17,HF_18,HF_19,HF_20,HF_21,HF_22,HF_23,Day_Monday,Day_Saturday,Day_Sunday,Day_Thursday,Day_Tuesday,Day_Wednesday
20692070,0.0,12.0,63,0.0,0.0,0.0,0.0,0.0,0.0,0.0,0.0,0.0,0.0,0.0,0.0,0.0,0.0,0.0,0.0,0.0,0.0,0.0,0.0,0.0,0.0,0.0,0.0,0.0
20702084,Rain,WindSpeed,JPID_length,SchoolHoliday,HF_6,HF_7,HF_8,HF_9,HF_10,HF_11,HF_12,HF_13,HF_14,HF_15,HF_16,HF_17,HF_18,HF_19,HF_20,HF_21,HF_22,HF_23,Day_Monday,Day_Saturday,Day_Sunday,Day_Thursday,Day_Tuesday,Day_Wednesday
20702084,0.066650390625,16.0,63,0.0,0.0,0.0,0.0,0.0,0.0,0.0,0.0,0.0,0.0,0.0,0.0,0.0,0.0,0.0,0.0,0.0,0.0,0.0,0.0,0.0,0.0,0.0,0.0,0.0
20840768,Rain,WindSpeed,JPID_length,SchoolHoliday,HF_6,HF_7,HF_8,HF_9,HF_10,HF_11,HF_12,HF_13,HF_14,HF_15,HF_16,HF_17,HF_18,HF_19,HF_20,HF_21,HF_22,HF_23,Day_Monday,Day_Saturday,Day_Sunday,Day_Thursday,Day_Tuesday,Day_Wednesday
20840768,2.599609375,16.0,63,0.0,0.0,0.0,0.0,0.0,0.0,0.0,0.0,0.0,0.0,0.0,0.0,0.0,0.0,0.0,0.0,0.0,0.0,0.0,0.0,0.0,0.0,0.0,0.0,0.0
07680769,Rain,WindSpeed,JPID_length,XBuses,SchoolHoliday,HF_6,HF_7,HF_8,HF_9,HF_10,HF_11,HF_12,HF_13,HF_14,HF_15,HF_16,HF_17,HF_18,HF_19,HF_20,HF_21,HF_22,HF_23,Day_Monday,Day_Saturday,Day_Sunday,Day_Thursday,Day_Tuesday,Day_Wednesday
07680769,0.0,4.0,63,0,0.0,0.0,0.0,0.0,0.0,0.0,0.0,0.0,0.0,0.0,0.0,0.0,0.0,0.0,0.0,0.0,0.0,0.0,0.0,0.0,0.0,0.0,0.0,0.0,0.0
07690770,Rain,WindSpeed,JPID_length,XBuses,SchoolHoliday,HF_6,HF_7,HF_8,HF_9,HF_10,HF_11,HF_12,HF_13,HF_14,HF_15,HF_16,HF_17,HF_18,HF_19,HF_20,HF_21,HF_22,HF_23,Day_Monday,Day_Saturday,Day_Sunday,Day_Thursday,Day_Tuesday,Day_Wednesday
07690770,0.83349609375,13.0,71,0,0.0,0.0,0.0,0.0,0.0,0.0,0.0,0.0,0.0,0.0,0.0,0.0,0.0,0.0,0.0,0.0,0.0,0.0,0.0,0.0,0.0,0.0,0.0,0.0,0.0
07700771,Rain,WindSpeed,JPID_length,XBuses,SchoolHoliday,HF_6,HF_7,HF_8,HF_9,HF_10,HF_11,HF_12,HF_13,HF_14,HF_15,HF_16,HF_17,HF_18,HF_19,HF_20,HF_21,HF_22,HF_23,Day_Monday,Day_Saturday,Day_Sunday,Day_Thursday,Day_Tuesday,Day_Wednesday
07700771,0.0,15.0,63,0,0.0,0.0,0.0,0.0,0.0,0.0,0.0,0.0,0.0,0.0,0.0,0.0,0.0,0.0,0.0,0.0,0.0,0.0,0.0,0.0,0.0,0.0,0.0,0.0,0.0
07710772,Rain,WindSpeed,JPID_length,XBuses,SchoolHoliday,HF_6,HF_7,HF_8,HF_9,HF_10,HF_11,HF_12,HF_13,HF_14,HF_15,HF_16,HF_17,HF_18,HF_19,HF_20,HF_21,HF_22,HF_23,Day_Monday,Day_Saturday,Day_Sunday,Day_Thursday,Day_Tuesday,Day_Wednesday
07710772,0.0,3.0,71,0,0.0,0.0,0.0,0.0,0.0,0.0,0.0,0.0,0.0,0.0,0.0,0.0,0.0,0.0,0.0,0.0,0.0,0.0,0.0,0.0,0.0,0.0,0.0,0.0,0.0
07720773,Rain,WindSpeed,JPID_length,XBuses,SchoolHoliday,HF_6,HF_7,HF_8,HF_9,HF_10,HF_11,HF_12,HF_13,HF_14,HF_15,HF_16,HF_17,HF_18,HF_19,HF_20,HF_21,HF_22,HF_23,Day_Monday,Day_Saturday,Day_Sunday,Day_Thursday,Day_Tuesday,Day_Wednesday
07720773,0.0,10.0,63,0,0.0,0.0,0.0,0.0,0.0,0.0,0.0,0.0,0.0,0.0,0.0,0.0,0.0,0.0,0.0,0.0,0.0,0.0,0.0,0.0,0.0,0.0,0.0,0.0,0.0
07730774,Rain,WindSpeed,JPID_length,XBuses,SchoolHoliday,HF_6,HF_7,HF_8,HF_9,HF_10,HF_11,HF_12,HF_13,HF_14,HF_15,HF_16,HF_17,HF_18,HF_19,HF_20,HF_21,HF_22,HF_23,Day_Monday,Day_Saturday,Day_Sunday,Day_Thursday,Day_Tuesday,Day_Wednesday
07730774,0.0,6.5,63,0,0.0,0.0,0.0,0.0,0.0,0.0,0.0,0.0,0.0,0.0,0.0,0.0,0.0,0.0,0.0,0.0,0.0,0.0,0.0,0.0,0.0,0.0,0.0,0.0,0.0
07740775,Rain,WindSpeed,JPID_length,XBuses,SchoolHoliday,HF_6,HF_7,HF_8,HF_9,HF_10,HF_11,HF_12,HF_13,HF_14,HF_15,HF_16,HF_17,HF_18,HF_19,HF_20,HF_21,HF_22,HF_23,Day_Monday,Day_Saturday,Day_Sunday,Day_Thursday,Day_Tuesday,Day_Wednesday
07740775,0.0,3.0,57,0,0.0,0.0,0.0,0.0,0.0,0.0,0.0,0.0,0.0,0.0,0.0,0.0,0.0,0.0,0.0,0.0,0.0,0.0,0.0,0.0,0.0,0.0,0.0,0.0,0.0
07750776,Rain,WindSpeed,JPID_length,XBuses,SchoolHoliday,HF_6,HF_7,HF_8,HF_9,HF_10,HF_11,HF_12,HF_13,HF_14,HF_15,HF_16,HF_17,HF_18,HF_19,HF_20,HF_21,HF_22,HF_23,Day_Monday,Day_Saturday,Day_Sunday,Day_Thursday,Day_Tuesday,Day_Wednesday
07750776,0.5666666666666668,21.5,71,0,0.0,0.0,0.0,0.0,0.0,0.0,0.0,0.0,0.0,0.0,0.0,0.0,0.0,0.0,0.0,0.0,0.0,0.0,0.0,0.0,0.0,0.0,0.0,0.0,0.0
07760777,Rain,WindSpeed,JPID_length,XBuses,SchoolHoliday,HF_6,HF_7,HF_8,HF_9,HF_10,HF_11,HF_12,HF_13,HF_14,HF_15,HF_16,HF_17,HF_18,HF_19,HF_20,HF_21,HF_22,HF_23,Day_Monday,Day_Saturday,Day_Sunday,Day_Thursday,Day_Tuesday,Day_Wednesday
07760777,0.3666666666666665,9.5,71,0,0.0,0.0,0.0,0.0,0.0,0.0,0.0,0.0,0.0,0.0,0.0,0.0,0.0,0.0,0.0,0.0,0.0,0.0,0.0,0.0,0.0,0.0,0.0,0.0,0.0
07770906,Rain,WindSpeed,JPID_length,XBuses,SchoolHoliday,HF_6,HF_7,HF_8,HF_9,HF_10,HF_11,HF_12,HF_13,HF_14,HF_15,HF_16,HF_17,HF_18,HF_19,HF_20,HF_21,HF_22,HF_23,Day_Monday,Day_Saturday,Day_Sunday,Day_Thursday,Day_Tuesday,Day_Wednesday
07770906,0.0,14.5,71,0,0.0,0.0,0.0,0.0,0.0,0.0,0.0,0.0,0.0,0.0,0.0,0.0,0.0,0.0,0.0,0.0,0.0,0.0,0.0,0.0,0.0,0.0,0.0,0.0,0.0
09060907,Rain,WindSpeed,JPID_length,SchoolHoliday,HF_6,HF_7,HF_8,HF_9,HF_10,HF_11,HF_12,HF_13,HF_14,HF_15,HF_16,HF_17,HF_18,HF_19,HF_20,HF_21,HF_22,HF_23,Day_Monday,Day_Saturday,Day_Sunday,Day_Thursday,Day_Tuesday,Day_Wednesday
09060907,0.0,4.5,71,0.0,0.0,0.0,0.0,0.0,0.0,0.0,0.0,0.0,0.0,0.0,0.0,0.0,0.0,0.0,0.0,0.0,0.0,0.0,0.0,0.0,0.0,0.0,0.0,0.0
09070908,Rain,WindSpeed,JPID_length,SchoolHoliday,HF_6,HF_7,HF_8,HF_9,HF_10,HF_11,HF_12,HF_13,HF_14,HF_15,HF_16,HF_17,HF_18,HF_19,HF_20,HF_21,HF_22,HF_23,Day_Monday,Day_Saturday,Day_Sunday,Day_Thursday,Day_Tuesday,Day_Wednesday
09070908,0.0,5.5,64,0.0,0.0,0.0,0.0,0.0,0.0,0.0,0.0,0.0,0.0,0.0,0.0,0.0,0.0,0.0,0.0,0.0,0.0,0.0,0.0,0.0,0.0,0.0,0.0,0.0
09080909,Rain,WindSpeed,JPID_length,SchoolHoliday,HF_6,HF_7,HF_8,HF_9,HF_10,HF_11,HF_12,HF_13,HF_14,HF_15,HF_16,HF_17,HF_18,HF_19,HF_20,HF_21,HF_22,HF_23,Day_Monday,Day_Saturday,Day_Sunday,Day_Thursday,Day_Tuesday,Day_Wednesday
09080909,0.199951171875,21.0,71,0.0,0.0,0.0,0.0,0.0,0.0,0.0,0.0,0.0,0.0,0.0,0.0,0.0,0.0,0.0,0.0,0.0,0.0,0.0,0.0,0.0,0.0,0.0,0.0,0.0
09090786,Rain,WindSpeed,JPID_length,XBuses,SchoolHoliday,HF_6,HF_7,HF_8,HF_9,HF_10,HF_11,HF_12,HF_13,HF_14,HF_15,HF_16,HF_17,HF_18,HF_19,HF_20,HF_21,HF_22,HF_23,Day_Monday,Day_Saturday,Day_Sunday,Day_Thursday,Day_Tuesday,Day_Wednesday
09090786,0.6666666666666666,18.0,45,1,0.0,0.0,0.0,0.0,0.0,0.0,0.0,0.0,0.0,0.0,0.0,0.0,0.0,0.0,0.0,0.0,0.0,0.0,0.0,0.0,0.0,0.0,0.0,0.0,0.0
07860790,Rain,WindSpeed,JPID_length,SchoolHoliday,HF_6,HF_7,HF_8,HF_9,HF_10,HF_11,HF_12,HF_13,HF_14,HF_15,HF_16,HF_17,HF_18,HF_19,HF_20,HF_21,HF_22,HF_23,Day_Monday,Day_Saturday,Day_Sunday,Day_Thursday,Day_Tuesday,Day_Wednesday
07860790,0.0,8.0,64,0.0,0.0,0.0,0.0,0.0,0.0,0.0,0.0,0.0,0.0,0.0,0.0,0.0,0.0,0.0,0.0,0.0,0.0,0.0,0.0,0.0,0.0,0.0,0.0,0.0
07900792,Rain,WindSpeed,JPID_length,SchoolHoliday,HF_6,HF_7,HF_8,HF_9,HF_10,HF_11,HF_12,HF_13,HF_14,HF_15,HF_16,HF_17,HF_18,HF_19,HF_20,HF_21,HF_22,HF_23,Day_Monday,Day_Saturday,Day_Sunday,Day_Thursday,Day_Tuesday,Day_Wednesday
07900792,0.0,6.0,68,0.0,0.0,0.0,0.0,0.0,0.0,0.0,0.0,0.0,0.0,0.0,0.0,0.0,0.0,0.0,0.0,0.0,0.0,0.0,0.0,0.0,0.0,0.0,0.0,0.0
07920794,Rain,WindSpeed,JPID_length,SchoolHoliday,HF_6,HF_7,HF_8,HF_9,HF_10,HF_11,HF_12,HF_13,HF_14,HF_15,HF_16,HF_17,HF_18,HF_19,HF_20,HF_21,HF_22,HF_23,Day_Monday,Day_Saturday,Day_Sunday,Day_Thursday,Day_Tuesday,Day_Wednesday
07920794,0.0,7.5,45,0.0,0.0,0.0,0.0,0.0,0.0,0.0,0.0,0.0,0.0,0.0,0.0,0.0,0.0,0.0,0.0,0.0,0.0,0.0,0.0,0.0,0.0,0.0,0.0,0.0
07940320,Rain,WindSpeed,JPID_length,SchoolHoliday,HF_6,HF_7,HF_8,HF_9,HF_10,HF_11,HF_12,HF_13,HF_14,HF_15,HF_16,HF_17,HF_18,HF_19,HF_20,HF_21,HF_22,HF_23,Day_Monday,Day_Saturday,Day_Sunday,Day_Thursday,Day_Tuesday,Day_Wednesday
07940320,0.0,16.5,63,0.0,0.0,0.0,0.0,0.0,0.0,0.0,0.0,0.0,0.0,0.0,0.0,0.0,0.0,0.0,0.0,0.0,0.0,0.0,0.0,0.0,0.0,0.0,0.0,0.0
03200274,Rain,WindSpeed,JPID_length,SchoolHoliday,HF_7,HF_8,HF_9,HF_10,HF_11,HF_12,HF_13,HF_14,HF_15,HF_16,HF_17,HF_18,HF_19,HF_20,HF_21,HF_22,HF_23,Day_Monday,Day_Saturday,Day_Sunday,Day_Thursday,Day_Tuesday,Day_Wednesday
03200274,0.0,4.0,63,0.0,0.0,0.0,0.0,0.0,0.0,0.0,0.0,0.0,0.0,0.0,0.0,0.0,0.0,0.0,0.0,0.0,0.0,0.0,0.0,0.0,0.0,0.0,0.0
02740002,Rain,WindSpeed,JPID_length,SchoolHoliday,HF_7,HF_8,HF_9,HF_10,HF_11,HF_12,HF_13,HF_14,HF_15,HF_16,HF_17,HF_18,HF_19,HF_20,HF_21,HF_22,HF_23,Day_Monday,Day_Saturday,Day_Sunday,Day_Thursday,Day_Tuesday,Day_Wednesday
02740002,0.0,10.0,63,0.0,0.0,0.0,0.0,0.0,0.0,0.0,0.0,0.0,0.0,0.0,0.0,0.0,0.0,0.0,0.0,0.0,0.0,0.0,0.0,0.0,0.0,0.0,0.0
00020192,Rain,WindSpeed,JPID_length,SchoolHoliday,HF_7,HF_8,HF_9,HF_10,HF_11,HF_12,HF_13,HF_14,HF_15,HF_16,HF_17,HF_18,HF_19,HF_20,HF_21,HF_22,HF_23,Day_Monday,Day_Saturday,Day_Sunday,Day_Thursday,Day_Tuesday,Day_Wednesday
00020192,0.0,19.0,45,0.0,0.0,0.0,0.0,0.0,0.0,0.0,0.0,0.0,0.0,0.0,0.0,0.0,0.0,0.0,0.0,0.0,0.0,0.0,0.0,0.0,0.0,0.0,0.0
01920795,Rain,WindSpeed,JPID_length,SchoolHoliday,HF_7,HF_8,HF_9,HF_10,HF_11,HF_12,HF_13,HF_14,HF_15,HF_16,HF_17,HF_18,HF_19,HF_20,HF_21,HF_22,HF_23,Day_Monday,Day_Saturday,Day_Sunday,Day_Thursday,Day_Tuesday,Day_Wednesday
01920795,0.0,18.0,63,0.0,0.0,0.0,0.0,0.0,0.0,0.0,0.0,0.0,0.0,0.0,0.0,0.0,0.0,0.0,0.0,0.0,0.0,0.0,0.0,0.0,0.0,0.0,0.0
07950796,Rain,WindSpeed,JPID_length,SchoolHoliday,HF_7,HF_8,HF_9,HF_10,HF_11,HF_12,HF_13,HF_14,HF_15,HF_16,HF_17,HF_18,HF_19,HF_20,HF_21,HF_22,HF_23,Day_Monday,Day_Saturday,Day_Sunday,Day_Thursday,Day_Tuesday,Day_Wednesday
07950796,0.0,20.0,63,0.0,0.0,0.0,0.0,0.0,0.0,0.0,0.0,0.0,0.0,0.0,0.0,0.0,0.0,0.0,0.0,0.0,0.0,0.0,0.0,0.0,0.0,0.0,0.0
07960797,Rain,WindSpeed,JPID_length,SchoolHoliday,HF_7,HF_8,HF_9,HF_10,HF_11,HF_12,HF_13,HF_14,HF_15,HF_16,HF_17,HF_18,HF_19,HF_20,HF_21,HF_22,HF_23,Day_Monday,Day_Saturday,Day_Sunday,Day_Thursday,Day_Tuesday,Day_Wednesday
07960797,0.0,3.0,63,0.0,0.0,0.0,0.0,0.0,0.0,0.0,0.0,0.0,0.0,0.0,0.0,0.0,0.0,0.0,0.0,0.0,0.0,0.0,0.0,0.0,0.0,0.0,0.0
07970798,Rain,WindSpeed,JPID_length,SchoolHoliday,HF_7,HF_8,HF_9,HF_10,HF_11,HF_12,HF_13,HF_14,HF_15,HF_16,HF_17,HF_18,HF_19,HF_20,HF_21,HF_22,HF_23,Day_Monday,Day_Saturday,Day_Sunday,Day_Thursday,Day_Tuesday,Day_Wednesday
07970798,0.0,7.5,63,0.0,0.0,0.0,0.0,0.0,0.0,0.0,0.0,0.0,0.0,0.0,0.0,0.0,0.0,0.0,0.0,0.0,0.0,0.0,0.0,0.0,0.0,0.0,0.0
07980799,Rain,WindSpeed,JPID_length,SchoolHoliday,HF_7,HF_8,HF_9,HF_10,HF_11,HF_12,HF_13,HF_14,HF_15,HF_16,HF_17,HF_18,HF_19,HF_20,HF_21,HF_22,HF_23,Day_Monday,Day_Saturday,Day_Sunday,Day_Thursday,Day_Tuesday,Day_Wednesday
07980799,0.0,6.5,63,0.0,0.0,0.0,0.0,0.0,0.0,0.0,0.0,0.0,0.0,0.0,0.0,0.0,0.0,0.0,0.0,0.0,0.0,0.0,0.0,0.0,0.0,0.0,0.0
07990800,Rain,WindSpeed,JPID_length,SchoolHoliday,HF_7,HF_8,HF_9,HF_10,HF_11,HF_12,HF_13,HF_14,HF_15,HF_16,HF_17,HF_18,HF_19,HF_20,HF_21,HF_22,HF_23,Day_Monday,Day_Saturday,Day_Sunday,Day_Thursday,Day_Tuesday,Day_Wednesday
07990800,0.0,5.5,63,0.0,0.0,0.0,0.0,0.0,0.0,0.0,0.0,0.0,0.0,0.0,0.0,0.0,0.0,0.0,0.0,0.0,0.0,0.0,0.0,0.0,0.0,0.0,0.0
08000801,Rain,WindSpeed,JPID_length,SchoolHoliday,HF_7,HF_8,HF_9,HF_10,HF_11,HF_12,HF_13,HF_14,HF_15,HF_16,HF_17,HF_18,HF_19,HF_20,HF_21,HF_22,HF_23,Day_Monday,Day_Saturday,Day_Sunday,Day_Thursday,Day_Tuesday,Day_Wednesday
08000801,0.56689453125,3.0,63,0.0,0.0,0.0,0.0,0.0,0.0,0.0,0.0,0.0,0.0,0.0,0.0,0.0,0.0,0.0,0.0,0.0,0.0,0.0,0.0,0.0,0.0,0.0,0.0
08010802,Rain,WindSpeed,JPID_length,SchoolHoliday,HF_7,HF_8,HF_9,HF_10,HF_11,HF_12,HF_13,HF_14,HF_15,HF_16,HF_17,HF_18,HF_19,HF_20,HF_21,HF_22,HF_23,Day_Monday,Day_Saturday,Day_Sunday,Day_Thursday,Day_Tuesday,Day_Wednesday
08010802,0.0,7.5,63,0.0,0.0,0.0,0.0,0.0,0.0,0.0,0.0,0.0,0.0,0.0,0.0,0.0,0.0,0.0,0.0,0.0,0.0,0.0,0.0,0.0,0.0,0.0,0.0
08020803,Rain,WindSpeed,JPID_length,SchoolHoliday,HF_7,HF_8,HF_9,HF_10,HF_11,HF_12,HF_13,HF_14,HF_15,HF_16,HF_17,HF_18,HF_19,HF_20,HF_21,HF_22,HF_23,Day_Monday,Day_Saturday,Day_Sunday,Day_Thursday,Day_Tuesday,Day_Wednesday
08020803,0.066650390625,18.5,63,0.0,0.0,0.0,0.0,0.0,0.0,0.0,0.0,0.0,0.0,0.0,0.0,0.0,0.0,0.0,0.0,0.0,0.0,0.0,0.0,0.0,0.0,0.0,0.0
08030804,Rain,WindSpeed,JPID_length,SchoolHoliday,HF_7,HF_8,HF_9,HF_10,HF_11,HF_12,HF_13,HF_14,HF_15,HF_16,HF_17,HF_18,HF_19,HF_20,HF_21,HF_22,HF_23,Day_Monday,Day_Saturday,Day_Sunday,Day_Thursday,Day_Tuesday,Day_Wednesday
08030804,0.0,16.0,63,0.0,0.0,0.0,0.0,0.0,0.0,0.0,0.0,0.0,0.0,0.0,0.0,0.0,0.0,0.0,0.0,0.0,0.0,0.0,0.0,0.0,0.0,0.0,0.0
08040805,Rain,WindSpeed,JPID_length,SchoolHoliday,HF_7,HF_8,HF_9,HF_10,HF_11,HF_12,HF_13,HF_14,HF_15,HF_16,HF_17,HF_18,HF_19,HF_20,HF_21,HF_22,HF_23,Day_Monday,Day_Saturday,Day_Sunday,Day_Thursday,Day_Tuesday,Day_Wednesday
08040805,0.0,6.0,63,0.0,0.0,0.0,0.0,0.0,0.0,0.0,0.0,0.0,0.0,0.0,0.0,0.0,0.0,0.0,0.0,0.0,0.0,0.0,0.0,0.0,0.0,0.0,0.0
08050806,Rain,WindSpeed,JPID_length,SchoolHoliday,HF_7,HF_8,HF_9,HF_10,HF_11,HF_12,HF_13,HF_14,HF_15,HF_16,HF_17,HF_18,HF_19,HF_20,HF_21,HF_22,HF_23,Day_Monday,Day_Saturday,Day_Sunday,Day_Thursday,Day_Tuesday,Day_Wednesday
08050806,1.2666015625,3.5,63,0.0,0.0,0.0,0.0,0.0,0.0,0.0,0.0,0.0,0.0,0.0,0.0,0.0,0.0,0.0,0.0,0.0,0.0,0.0,0.0,0.0,0.0,0.0,0.0
08060807,Rain,WindSpeed,JPID_length,SchoolHoliday,HF_7,HF_8,HF_9,HF_10,HF_11,HF_12,HF_13,HF_14,HF_15,HF_16,HF_17,HF_18,HF_19,HF_20,HF_21,HF_22,HF_23,Day_Monday,Day_Saturday,Day_Sunday,Day_Thursday,Day_Tuesday,Day_Wednesday
08060807,0.0,6.0,63,0.0,0.0,0.0,0.0,0.0,0.0,0.0,0.0,0.0,0.0,0.0,0.0,0.0,0.0,0.0,0.0,0.0,0.0,0.0,0.0,0.0,0.0,0.0,0.0
08080809,Rain,WindSpeed,JPID_length,SchoolHoliday,HF_7,HF_8,HF_9,HF_10,HF_11,HF_12,HF_13,HF_14,HF_15,HF_16,HF_17,HF_18,HF_19,HF_20,HF_21,HF_22,HF_23,Day_Monday,Day_Saturday,Day_Sunday,Day_Thursday,Day_Tuesday,Day_Wednesday
08080809,0.0,8.0,59,0.0,0.0,0.0,0.0,0.0,0.0,0.0,0.0,0.0,0.0,0.0,0.0,0.0,0.0,0.0,0.0,0.0,0.0,0.0,0.0,0.0,0.0,0.0,0.0
08090810,Rain,WindSpeed,JPID_length,SchoolHoliday,HF_7,HF_8,HF_9,HF_10,HF_11,HF_12,HF_13,HF_14,HF_15,HF_16,HF_17,HF_18,HF_19,HF_20,HF_21,HF_22,HF_23,Day_Monday,Day_Saturday,Day_Sunday,Day_Thursday,Day_Tuesday,Day_Wednesday
08090810,0.0333251953125,18.0,59,0.0,0.0,0.0,0.0,0.0,0.0,0.0,0.0,0.0,0.0,0.0,0.0,0.0,0.0,0.0,0.0,0.0,0.0,0.0,0.0,0.0,0.0,0.0,0.0
08100811,Rain,WindSpeed,JPID_length,SchoolHoliday,HF_7,HF_8,HF_9,HF_10,HF_11,HF_12,HF_13,HF_14,HF_15,HF_16,HF_17,HF_18,HF_19,HF_20,HF_21,HF_22,HF_23,Day_Monday,Day_Saturday,Day_Sunday,Day_Thursday,Day_Tuesday,Day_Wednesday
08100811,0.0,3.5,59,0.0,0.0,0.0,0.0,0.0,0.0,0.0,0.0,0.0,0.0,0.0,0.0,0.0,0.0,0.0,0.0,0.0,0.0,0.0,0.0,0.0,0.0,0.0,0.0
08070808,Rain,WindSpeed,JPID_length,SchoolHoliday,HF_7,HF_8,HF_9,HF_10,HF_11,HF_12,HF_13,HF_14,HF_15,HF_16,HF_17,HF_18,HF_19,HF_20,HF_21,HF_22,HF_23,Day_Monday,Day_Saturday,Day_Sunday,Day_Thursday,Day_Tuesday,Day_Wednesday
08070808,0.0333251953125,11.0,59,0.0,0.0,0.0,0.0,0.0,0.0,0.0,0.0,0.0,0.0,0.0,0.0,0.0,0.0,0.0,0.0,0.0,0.0,0.0,0.0,0.0,0.0,0.0,0.0
